# Name,   Type, SubType, Offset,  Size, Flags
# ESP32-S3 16MB Flash Configuration - v4.2.1 Otimizado
# Total: 16MB Flash
# Firmware OTA: 8MB (duas partições de 4MB para rollback)
# SPIFFS (áudios): ~8MB (pode armazenar ~8 áudios de 60s/1MB cada)
# NVS (configurações): 20KB para Totem ID, token, etc.
nvs,      data, nvs,     0x9000,  0x5000,
otadata,  data, ota,     0xe000,  0x2000,
app0,     app,  ota_0,   0x10000, 0x400000,
app1,     app,  ota_1,   0x410000,0x400000,
spiffs,   data, spiffs,  0x810000,0x7F0000,
